Workbook

Sheet Summary
A1: KOKJIP Signal Classifier v0.1 — AI 분류 실행 결과
A2: Evaluation Protocol 2단계(AI 분류) 실행 · 3단계(Binary 평가) 대조표 산출
A4: ■ 실행 개요
A5: 실행 대상 | B5: 26일 / 27일 수업 STT | C5: Classifier Prompt v0.1 기준으로 AI가 Human Candidate와 독립적으로 재판정
A6: 대조 기준 | B6: Signal Dataset v0.1 (68건) | C6: Candidate 단계 — 확정 Ground Truth 아님
A7: 판정 원칙 | B7: 키워드 매칭 금지 | C7: 발화의 기능과 앞뒤 문맥으로 판단. 강사가 하지 않은 판단은 생성하지 않음
A9: ■ Human Candidate 68건 대조 (Protocol 3단계)
A10: 일치 (MATCH) | B10: =COUNTIF(Comparison!F:F,"MATCH") -> 50 | C10: AI도 동일하게 Signal로 판정하고 유형도 일치
A11: 유형 이견 (TYPE_DIFF) | B11: =COUNTIF(Comparison!F:F,"TYPE_DIFF") -> 13 | C11: Signal 여부는 일치하나 대표 유형 판단이 다름
A12: 오탐 의심 (FP_SUSPECT) | B12: =COUNTIF(Comparison!F:F,"FP_SUSPECT") -> 5 | C12: AI는 NO_SIGNAL로 판정. 재검토 대상
A13: Signal 여부 일치율 | B13: =ROUND((COUNTIF(Comparison!F:F,"MATCH")+COUNTIF(Comparison!F:F,"TYPE_DIFF"))/COUNTA(Comparison!A2:A69)*100,1) -> 92.6 | C13: %. 유형 이견은 Signal 여부로는 일치로 계산
A14: 유형 완전 일치율 | B14: =ROUND(COUNTIF(Comparison!F:F,"MATCH")/COUNTA(Comparison!A2:A69)*100,1) -> 73.5 | C14: %
A16: ■ AI 신규 발견 (Protocol 5단계 · 미탐 분석)
A17: Human 검토 구간 내 | B17: =COUNTA('AI New Findings'!A2:A28) -> 27 | C17: 사람이 태깅한 시간대에서 AI가 추가로 찾은 Signal
A18: Human 미검토 구간 | B18: =COUNTA('Uncovered Sessions'!A2:A17) -> 16 | C18: 26일 2·3교시 — Dataset v0.1이 다루지 않은 세션
A19: 신규 발견 합계 | B19: =COUNTA('AI New Findings'!A2:A28)+COUNTA('Uncovered Sessions'!A2:A17) -> 43
A21: ■ 신호 밀도 재계산 (VPS v2.0 실험 1)
A22: 분모 정의 | B22: 시간당 신호 수 | C22: 비고
A23: ① 사용자 제시 3시간 43분 | B23: =ROUND(68/3.7167,1) -> 18.3 | C23: Human Candidate 68건 기준
A24: ② 태깅 구간만 (약 3시간 16분) | B24: =ROUND(68/3.2667,1) -> 20.8 | C24: 26일 1교시 + 27일 실제 태깅 범위
A25: ③ 업로드 STT 전체 (약 6시간 07분) | B25: =ROUND(68/6.1167,1) -> 11.1 | C25: 26일 3개 세션 + 27일 전체
A26: ④ ③ + AI 신규 발견 포함 | B26: =ROUND((68+COUNTA('AI New Findings'!A2:A28)+COUNTA('Uncovered Sessions'!A2:A17))/6.1167,1) -> 18.1 | C26: 오탐 의심 5건은 제외하지 않은 값
A28: ■ 게이트 판정
A29: VPS v2.0 통과 기준 | B29: 시간당 평균 ≥ 2.0회 | C29: ≤ 0.2회면 B가치 기각, 0.5~1.9회면 신호 정의 조정
A30: 판정 | B30: 통과 (Pass) | C30: 네 가지 분모 정의 모두에서 기준을 큰 폭으로 상회
A31: 최저값 기준 여유 | B31: =ROUND(68/6.1167/2,1) -> 5.6 | C31: 가장 보수적인 분모에서도 기준의 몇 배인지
A32: 역산 — 최소 필요 신호 수 | B32: =ROUND(2*6.1167,0) -> 12 | C32: 6시간 07분 기준. 68건 중 이 개수만 참이어도 게이트 통과
A34: ■ 이 결과가 말하지 않는 것
A35: · | B35: 강사 1인 · 동일 과정 2일치 표본이다. KDT 전반의 신호 밀도가 아니라 이 강사의 신호 밀도다.
A36: · | B36: 이 강사는 명시적 지시 발화가 많은 편이다. 상위 사례일 가능성을 배제할 수 없다.
A37: · | B37: Human Candidate가 확정 Ground Truth가 아니므로 Precision/Recall을 성능 지표로 확정하지 않는다.
A38: · | B38: 신호가 존재한다는 것과 AI가 자동으로 안정적으로 추출한다는 것은 별개다. 후자는 독립 평가셋이 필요하다.
A39: · | B39: 업로드 STT 총 길이(약 6시간 07분)와 제시된 3시간 43분이 일치하지 않는다. 분모 확정 필요.

Sheet Comparison
A1: ID | B1: 날짜 | C1: 타임스탬프 | D1: Human Type | E1: AI Type | F1: 판정 | G1: AI 판단 근거
A2: 1 | B2: 26일 | C2: 10:46 | D2: EMPHASIS | E2: MUST | F2: MATCH | G2: 기능·비기능 요구사항 + 테스트 방식 명시 요구. 강한 강조 동반
A3: 2 | B3: 26일 | C3: 11:02 | D3: CORE | E3: RATIONALE | F3: TYPE_DIFF | G3: '이 챕터가 SRS에 있어야 테스트 코드를 짜요' — 조건→결과 인과 구조가 본체
A4: 3 | B4: 26일 | C4: 11:11 | D4: EMPHASIS | E4: EMPHASIS | F4: MATCH | G4: 다이어그램 가독성·엄밀성
A5: 4 | B5: 26일 | C5: 12:23 | D5: MUST | E5: MUST | F5: MATCH | G5: '반드시 같이 프롬프팅 해야 된다'
A6: 5 | B6: 26일 | C6: 12:47 | D6: AVOID | E6: MUST | F6: TYPE_DIFF | G6: '구현 가능한 어미로 다듬어져야 한다' — 금지가 아니라 요구사항 지정
A7: 6 | B7: 26일 | C7: 13:17 | D7: CORE | E7: CORE | F7: MATCH | G7: MVP 범위에서 구현 역량 판단
A8: 7 | B8: 26일 | C8: 14:35 | D8: CORE | E8: CORE | F8: MATCH | G8: SRS 최종본 확정 조건
A9: 8 | B9: 26일 | C9: 16:44 | D9: INSIGHT | E9: INSIGHT | F9: MATCH | G9: 교안에 없는 에센스가 구두 설명에 있음
A10: 9 | B10: 26일 | C10: 17:04 | D10: MUST | E10: REVIEW | F10: TYPE_DIFF | G10: '학습 기록을 한다라는 게 굉장히 중요한 단계' — 복습·기록 지정이 본체
A11: 10 | B11: 26일 | C11: 17:43 | D11: INSIGHT | E11: INSIGHT | F11: MATCH | G11: 주도적 리뷰 의지
A12: 11 | B12: 26일 | C12: 19:35 | D12: PRACTICAL | E12: NO_SIGNAL | F12: FP_SUSPECT | G12: 수업에서 무엇을 봤는지 진행 서술. 복습 우선순위 판단에 직접 기여 약함
A13: 12 | B13: 26일 | C13: 21:45 | D13: INSIGHT | E13: INSIGHT | F13: MATCH | G13: 스크럼=회의법 아닌 프로젝트 종류라는 인식 전환
... A69: 68 | B69: 27일 | C69: 1:35:54 | D69: AVOID | E69: NO_SIGNAL | F69: FP_SUSPECT | G69: 수업 진행 순서 안내. 학습 내용 우선순위 아님

Sheet AI New Findings
A1: Human 검토 구간 내에서 AI가 추가로 판정한 Signal — 미탐(False Negative) 후보
A2: ID | B2: 날짜 | C2: 타임스탬프 | D2: Type | E2: 강도 | F2: Signal 요약 | G2: 강사 발화 근거
A3: N01 | B3: 26일 | C3: 03:38 | D3: CORE | E3: 3 | F3: 회고의 4단 구조: 왜/무엇을 했고/어떤 산출물을 얻었고/앞으로 어떻게 | G3: 내가 왜? 무엇을 했고 어떤 산출물을 얻었고 앞으로 이걸 어떻게 하겠다라는 생각 정리
A4: N02 | B4: 26일 | C4: 04:28 | D4: AVOID | E4: 3 | F4: AI에게 회고를 시킨 것은 인간이 회고한 것과 본질적으로 다름 | G4: 인간이 회고해야 되는데 AI한테 회고한 것은 비슷한 게 아니죠? 아예 다른 거죠
A5: N03 | B5: 26일 | C5: 05:37 | D5: MUST | E5: 2 | F5: 세부 항목부터가 아니라 전체 핵심 키워드로 아웃라인을 먼저 짤 것 | G5: 전체 아웃라인을 먼저 짜 보면 또 어때요? 개념 지도가 부터 한번 쫙 펼쳐지고
A6: N04 | B6: 26일 | C6: 08:18 | D6: CORE | E6: 3 | F6: PRD 품질의 정의 — 루티드 문서, 기획 내용의 통합 원본 | G6: PRD는 루티드 문서여야 한다. 기획 내용의 통합 원본 역할을 해야 한다
A7: N05 | B7: 26일 | C7: 09:05 | D7: MUST | E7: 3 | F7: SRS는 표준 양식을 따르되 필요한 챕터만 간결히 | G7: SRS는 표준 문서 양식을 따르되 필요한 챕터만 간결히 가져야 한다
A8: N06 | B8: 26일 | C8: 09:44 | D8: RATIONALE | E8: 2 | F8: 풀버전 표준문서를 쓰면 토큰·시간 비용이 폭증 | G8: 토큰이 너무 많이 들고 항상 매번 뭐 칠 때마다 몇 십 분씩 걸려서
A9: N07 | B9: 26일 | C9: 15:03 | D9: RATIONALE | E9: 2 | F9: 프로젝트 관리로 건너뛰고 싶어도 앞 단계에 시간을 쓴 이유가 있음 | G9: 그다음 단계로 프로젝트 관리로 갑자기 빨리 건너뛰고 싶겠지만 어제 충분한 시간을 쓴 이유가 있는 거죠
A10: N08 | B10: 26일 | C10: 15:21 | D10: AVOID | E10: 3 | F10: 교안에 외부 링크·레퍼런스를 다 넣으면 나중에 리뷰 시 방황하게 됨 | G10: 다 들어가 있으면 좋다고 생각할 수도 있지만 여러분은 그러면 안 되거든요
A11: N09 | B11: 26일 | C11: 24:40 | D11: REVIEW | E11: 2 | F11: 스크럼을 추가로 알아보고 리뷰를 풍성하게 할 것 | G11: 추가로 좀 더 알아보고 여러분의 리뷰를 풍성하게 할 수가 있겠다
A12: N10 | B12: 26일 | C12: 37:26 | D12: MUST | E12: 2 | F12: 과잉 분할 시 통합이 아니라 상단 60개만 먼저 하는 방식으로 분할 | G12: 그거는 그 작업을 통합하고 이렇게 하는 게 아니라 이번엔 위에 상단 먼저 하는 거 60개만
A13: N11 | B13: 26일 | C13: 41:38 | D13: RATIONALE | E13: 3 | F13: 한국어에 맞춘 다듬기를 시도하면 코딩 성능이 떨어짐 — 그러려니 하고 읽어야 | G13: 그걸 한국말에 맞춰서 바람직한 국어로 다듬겠다라는 생각을 가지면 성능이 안 나와요
A14: N12 | B14: 26일 | C14: 46:22 | D14: AVOID | E14: 3 | F14: 준비 안 된 외부 연동은 더미 데이터 생성이 아니라 API 모킹으로 | G14: 범위 데이터 생성해 줘. 워킹 해 줘. 그러지 마세요
... A29: N27 | B29: 27일 | C29: 57:02 | D29: MUST | E29: 2 | F29: 태스크 문서에 디자인 시스템이 이미 있어도 내 의도가 아니면 다시 세팅 | G29: 포함되어 있어도 다시 놔야 됩니다

Sheet Uncovered Sessions
A1: Dataset v0.1이 다루지 않은 세션(26일 2·3교시)에서 발견된 Signal — 범위 누락(Scope Gap)
A2: ID | B2: 세션 | C2: 타임스탬프 | D2: Type | E2: 강도 | F2: Signal 요약 | G2: 강사 발화 근거
A3: U01 | B3: 26일 2교시 | C3: 21:30 | D3: CORE | E3: 3 | F3: AI에게 프로젝트 구현 목표를 인식시켜 작업 규칙을 스스로 수립하게 함 = 메타인지 | G3: 그에 맞춰서 AI 작업 규칙을 네가 알아서 수립해라. 그 얘한테 메타 인지를 시키는 겁니다
A4: U02 | B4: 26일 2교시 | C4: 25:07 | D4: RATIONALE | E4: 3 | F4: 프로젝트 핵심 목표를 오버뷰 규칙으로 잡으면 범위 이탈 작업이 줄어듦 | G4: 이 프로젝트의 핵심 목표를 규칙으로 오버뷰로 잡아 놓는 방식을 따르면 이상한 게 안 들어가요
A5: U03 | B5: 26일 2교시 | C5: 26:33 | D5: RATIONALE | E5: 3 | F5: 하네스 샘플은 크게 만들어야 함 — 축약이 확장보다 토큰이 싸다 | G5: 있는 걸 축약하는 건 쉽거든. 토큰도 그게 더 절약되거든요
A6: U04 | B6: 26일 2교시 | C6: 37:24 | D6: MUST | E6: 3 | F6: 가져온 스킬은 인기 여부와 무관하게 반드시 열어보고 쓸 것 | G6: 웬만해서는 내 프로젝트에 가져와서 쓰는 거는 다 열어 보고 써야 된다
A7: U05 | B7: 26일 2교시 | C7: 53:55 | D7: AVOID | E7: 3 | F7: 벤더가 제안하는 한 줄짜리 골 프롬프트로는 오너십이 생기지 않음 | G7: 절대 그거 해 그렇게 해서 오너십이 생기지 않아요
A8: U06 | B8: 26일 2교시 | C8: 54:33 | D8: MUST | E8: 3 | F8: 골을 바로 호출하지 말고 골 세팅 스킬을 먼저 호출 | G8: 꼴이라고 호출하지 말고 제가 만드는 이 꼴 세팅 스킬을 호출해서
A9: U07 | B9: 26일 2교시 | C9: 1:29:57 | D9: CORE | E9: 3 | F9: 랜딩 페이지의 본질은 다음 행동을 촉구하는 CTA 설계 | G9: 어떤 행동을 하라고 촉구하는 디자인으로 돼 있어야 돼요
A10: U08 | B10: 26일 2교시 | C10: 1:41:13 | D10: MUST | E10: 3 | F10: 이력서·포트폴리오·랜딩페이지 모두 각 섹션 제목을 정확히 뽑을 것 | G10: 각 섹션의 제목을 정확하게 뽑으세요. 이력서든 포트폴리오든 랜딩 페이지든 다 마찬가지
A11: U09 | B11: 26일 2교시 | C11: 1:43:21 | D11: CORE | E11: 3 | F11: 열 단어를 다섯 단어로 줄이는 것은 재조합이 아니라 다른 방식의 표현 — 다음 레벨 | G11: 열 단어 다섯 단어로 줄이면서 내용 손실이 없게 만드는 거는 진짜 그다음 레벨이에요
A12: U10 | B12: 26일 2교시 | C12: 1:45:16 | D12: AVOID | E12: 3 | F12: 헤드라이닝을 딸깍으로 AI에게 시키는 순간 그 단계에 도달하지 못함 | G12: 딸깍으로 AI한테 시켜서 해 보겠다라는 마음가짐으로 시켜 보잖아요. 거기서 이미 끝났어요
A13: U11 | B13: 26일 2교시 | C13: 1:52:05 | D13: CORE | E13: 3 | F13: 모든 문서는 히어로 섹션과 그 아래 섹션에서 승부가 남 | G13: 섹션 1, 2에서 승부를 봐야지 지금 모든 단위의 모든 문서에서 그래요
A14: U12 | B14: 26일 2교시 | C14: 1:59:22 | D14: MUST | E14: 3 | F14: UX 결과물을 눈으로 확인하기 전에 랜딩 페이지로 넘어가지 말 것 | G14: 그걸 안 보고 랜딩 페이지로도 넘어가지 말라는 거예요
... A18: U16 | B18: 26일 3교시 | C18: 45:47 | D18: AVOID | E18: 3 | F18: 객관식 선택지라도 원하는 답이 아니면 절대 누르지 말고 말로 할 것 | G18: 내가 원하는 피드백이 아닌 것은 절대 누르지 마세요

Sheet Issues
A1: 오류 및 애매 사례 — Classifier v0.2 반영 대상
A2: 날짜 | B2: 타임스탬프 | C2: issue_type | D2: 설명 | E2: 조치 방향
A3: 26일 | B3: 19:35 | C3: POSSIBLE_FALSE_POSITIVE | D3: 수업 진행 서술을 PRACTICAL로 태깅. 강사의 가치 판단이 없음 | E3: v0.2에서 '실무 맥락 언급만으로는 신호 아님' 기준 강화
A4: 26일 | B4: 29:37 | C4: POSSIBLE_FALSE_POSITIVE | D4: 질문 독려 = 수업 운영 멘트. 학습 콘텐츠와 무관 | E4: 운영 멘트 제외 규칙을 Classifier Spec NO_SIGNAL에 명시
A5: 27일 | B5: 09:45 | C5: POSSIBLE_FALSE_POSITIVE | D5: '~하는 서비스는 없어요'는 사실 서술. AVOID로 보기 어려움 | E5: 부정문 전체를 AVOID로 보지 않는다는 기존 주의사항이 적용 안 됨
A6: 27일 | B6: 59:20 | C6: POSSIBLE_FALSE_POSITIVE | D6: 정서적 지지 멘트('마음을 내려놓으세요')를 INSIGHT로 태깅 | E6: 정서적 발화 제외 규칙 신설 필요
A7: 27일 | B7: 1:35:54 | C7: POSSIBLE_FALSE_POSITIVE | D7: 수업 진행 순서 안내를 AVOID로 태깅 | E7: 운영 멘트 제외 규칙과 동일 건
A8: 26일 | B8: 1:34:43~1:34:55 | C8: DUPLICATE_SIGNAL | D8: 동일 주제(GH 명령어 직접 입력 금지)가 MUST/AVOID 2건으로 분리됨 | E8: 프롬프트 §10 중복 처리 규칙대로 1건으로 병합 검토
A9: 전체 | B9: - | C9: POSSIBLE_FALSE_NEGATIVE | D9: Taxonomy 8종 중 REVIEW가 68건에서 0회 사용. 17:04·23:01·24:40 등 REVIEW 후보 존재 | E9: REVIEW 판별 기준이 MUST/PRACTICAL에 흡수되고 있음 — v0.2에서 우선순위 규칙 필요
A10: 전체 | B10: - | C10: AMBIGUOUS_CONTEXT | D10: MUST와 AVOID가 같은 발화에서 동시 성립하는 사례 다수(예: 43:16, 1:31:49) | E10: 다중 라벨 허용 여부를 Evaluation Protocol 4단계 전에 확정해야 함
A11: 26일 2·3교시 | B11: - | C11: SCOPE_GAP | D11: 업로드된 STT 6시간 07분 중 약 2시간 51분 구간이 Human 태깅 범위 밖 | E11: 분모 정의를 확정해야 밀도 수치가 확정됨

Sheet Type Distribution
A1: 유형 분포 — Human vs AI
A3: Type | B3: Human 68건 | C3: AI 재판정 | D3: AI 신규 | E3: 미검토 구간
A4: EMPHASIS | B4: =COUNTIF(Comparison!D:D,A4) -> 3 | C4: =COUNTIF(Comparison!E:E,A4) -> 1 | D4: =COUNTIF('AI New Findings'!D:D,A4) -> 0 | E4: =COUNTIF('Uncovered Sessions'!D:D,A4) -> 0
A5: MUST | B5: =COUNTIF(Comparison!D:D,A5) -> 14 | C5: =COUNTIF(Comparison!E:E,A5) -> 18 | D5: =COUNTIF('AI New Findings'!D:D,A5) -> 10 | E5: =COUNTIF('Uncovered Sessions'!D:D,A5) -> 5
A6: AVOID | B6: =COUNTIF(Comparison!D:D,A6) -> 10 | C6: =COUNTIF(Comparison!E:E,A6) -> 4 | D6: =COUNTIF('AI New Findings'!D:D,A6) -> 4 | E6: =COUNTIF('Uncovered Sessions'!D:D,A6) -> 3
A7: CORE | B7: =COUNTIF(Comparison!D:D,A7) -> 20 | C7: =COUNTIF(Comparison!E:E,A7) -> 19 | D7: =COUNTIF('AI New Findings'!D:D,A7) -> 3 | E7: =COUNTIF('Uncovered Sessions'!D:D,A7) -> 6
A8: PRACTICAL | B8: =COUNTIF(Comparison!D:D,A8) -> 11 | C8: =COUNTIF(Comparison!E:E,A8) -> 5 | D8: =COUNTIF('AI New Findings'!D:D,A8) -> 1 | E8: =COUNTIF('Uncovered Sessions'!D:D,A8) -> 0
A9: RATIONALE | B9: =COUNTIF(Comparison!D:D,A9) -> 2 | C9: =COUNTIF(Comparison!E:E,A9) -> 5 | D9: =COUNTIF('AI New Findings'!D:D,A9) -> 5 | E9: =COUNTIF('Uncovered Sessions'!D:D,A9) -> 2
A10: INSIGHT | B10: =COUNTIF(Comparison!D:D,A10) -> 8 | C10: =COUNTIF(Comparison!E:E,A10) -> 8 | D10: =COUNTIF('AI New Findings'!D:D,A10) -> 3 | E10: =COUNTIF('Uncovered Sessions'!D:D,A10) -> 0
A11: REVIEW | B11: =COUNTIF(Comparison!D:D,A11) -> 0 | C11: =COUNTIF(Comparison!E:E,A11) -> 3 | D11: =COUNTIF('AI New Findings'!D:D,A11) -> 1 | E11: =COUNTIF('Uncovered Sessions'!D:D,A11) -> 0
A12: NO_SIGNAL | C12: =COUNTIF(Comparison!E:E,"NO_SIGNAL") -> 5
A14: 주목 | B14: REVIEW는 Human 68건에서 0회 사용됐으나 AI 재판정에서는 후보가 나옴. 판별 기준이 MUST/PRACTICAL에 흡수되고 있다는 신호.
